Target,Target_Namespace,Target_Type,Target_Method,Job_Id,Job_AnalyzeLaunchVariance,Job_EvaluateOverhead,Job_MaxAbsoluteError,Job_MaxRelativeError,Job_MinInvokeCount,Job_MinIterationTime,Job_OutlierMode,Job_Affinity,Job_EnvironmentVariables,Job_Jit,Job_Platform,Job_Runtime,Job_AllowVeryLargeObjects,Job_Concurrent,Job_CpuGroups,Job_Force,Job_HeapAffinitizeMask,Job_HeapCount,Job_NoAffinitize,Job_RetainVm,Job_Server,Job_PowerPlan,Job_Arguments,Job_BuildConfiguration,Job_Clock,Job_EngineFactory,Job_NuGetReferences,Job_Toolchain,Job_IsMutator,Job_InvocationCount,Job_IterationCount,Job_IterationTime,Job_LaunchCount,Job_MaxIterationCount,Job_MaxWarmupIterationCount,Job_MinIterationCount,Job_MinWarmupIterationCount,Job_RunStrategy,Job_UnrollFactor,Job_WarmupCount,Job_Display,Params,Measurement_LaunchIndex,Measurement_IterationMode,Measurement_IterationStage,Measurement_IterationIndex,Measurement_Nanoseconds,Measurement_Operations,Measurement_Value,Gen_0,Gen_1,Gen_2,Allocated_Bytes
Program.UsingThread,Practise,Program,UsingThread,Core,Default,Default,Default,Default,Default,Default,Default,Default,Default,Default,Default,Core,Default,Default,Default,Default,Default,Default,Default,Default,Default,Default,Default,Default,Default,Default,Default,Default,Default,Default,Default,Default,Default,Default,Default,Default,Default,Default,Default,Default,Core(Runtime=Core),,1,Overhead,Jitting,1,562530.27,1,562530.27,17,1,1,368
Program.UsingThread,Practise,Program,UsingThread,Core,Default,Default,Default,Default,Default,Default,Default,Default,Default,Default,Default,Core,Default,Default,Default,Default,Default,Default,Default,Default,Default,Default,Default,Default,Default,Default,Default,Default,Default,Default,Default,Default,Default,Default,Default,Default,Default,Default,Default,Default,Core(Runtime=Core),,1,Workload,Jitting,1,4677488.56,1,4677488.56,17,1,1,368
Program.UsingThread,Practise,Program,UsingThread,Core,Default,Default,Default,Default,Default,Default,Default,Default,Default,Default,Default,Core,Default,Default,Default,Default,Default,Default,Default,Default,Default,Default,Default,Default,Default,Default,Default,Default,Default,Default,Default,Default,Default,Default,Default,Default,Default,Default,Default,Default,Core(Runtime=Core),,1,Overhead,Jitting,2,441339.54,16,27583.72,17,1,1,368
Program.UsingThread,Practise,Program,UsingThread,Core,Default,Default,Default,Default,Default,Default,Default,Default,Default,Default,Default,Core,Default,Default,Default,Default,Default,Default,Default,Default,Default,Default,Default,Default,Default,Default,Default,Default,Default,Default,Default,Default,Default,Default,Default,Default,Default,Default,Default,Default,Core(Runtime=Core),,1,Workload,Jitting,2,5189095.04,16,324318.44,17,1,1,368
Program.UsingThread,Practise,Program,UsingThread,Core,Default,Default,Default,Default,Default,Default,Default,Default,Default,Default,Default,Core,Default,Default,Default,Default,Default,Default,Default,Default,Default,Default,Default,Default,Default,Default,Default,Default,Default,Default,Default,Default,Default,Default,Default,Default,Default,Default,Default,Default,Core(Runtime=Core),,1,Workload,Pilot,1,4447344.6,16,277959.04,17,1,1,368
Program.UsingThread,Practise,Program,UsingThread,Core,Default,Default,Default,Default,Default,Default,Default,Default,Default,Default,Default,Core,Default,Default,Default,Default,Default,Default,Default,Default,Default,Default,Default,Default,Default,Default,Default,Default,Default,Default,Default,Default,Default,Default,Default,Default,Default,Default,Default,Default,Core(Runtime=Core),,1,Workload,Pilot,2,8737575.48,32,273049.23,17,1,1,368
Program.UsingThread,Practise,Program,UsingThread,Core,Default,Default,Default,Default,Default,Default,Default,Default,Default,Default,Default,Core,Default,Default,Default,Default,Default,Default,Default,Default,Default,Default,Default,Default,Default,Default,Default,Default,Default,Default,Default,Default,Default,Default,Default,Default,Default,Default,Default,Default,Core(Runtime=Core),,1,Workload,Pilot,3,16892882.79,64,263951.29,17,1,1,368
Program.UsingThread,Practise,Program,UsingThread,Core,Default,Default,Default,Default,Default,Default,Default,Default,Default,Default,Default,Core,Default,Default,Default,Default,Default,Default,Default,Default,Default,Default,Default,Default,Default,Default,Default,Default,Default,Default,Default,Default,Default,Default,Default,Default,Default,Default,Default,Default,Core(Runtime=Core),,1,Workload,Pilot,4,34513304.73,128,269635.19,17,1,1,368
Program.UsingThread,Practise,Program,UsingThread,Core,Default,Default,Default,Default,Default,Default,Default,Default,Default,Default,Default,Core,Default,Default,Default,Default,Default,Default,Default,Default,Default,Default,Default,Default,Default,Default,Default,Default,Default,Default,Default,Default,Default,Default,Default,Default,Default,Default,Default,Default,Core(Runtime=Core),,1,Workload,Pilot,5,63425386.97,256,247755.42,17,1,1,368
Program.UsingThread,Practise,Program,UsingThread,Core,Default,Default,Default,Default,Default,Default,Default,Default,Default,Default,Default,Core,Default,Default,Default,Default,Default,Default,Default,Default,Default,Default,Default,Default,Default,Default,Default,Default,Default,Default,Default,Default,Default,Default,Default,Default,Default,Default,Default,Default,Core(Runtime=Core),,1,Workload,Pilot,6,126996439.68,512,248039.92,17,1,1,368
Program.UsingThread,Practise,Program,UsingThread,Core,Default,Default,Default,Default,Default,Default,Default,Default,Default,Default,Default,Core,Default,Default,Default,Default,Default,Default,Default,Default,Default,Default,Default,Default,Default,Default,Default,Default,Default,Default,Default,Default,Default,Default,Default,Default,Default,Default,Default,Default,Core(Runtime=Core),,1,Workload,Pilot,7,246078769.24,1024,240311.3,17,1,1,368
Program.UsingThread,Practise,Program,UsingThread,Core,Default,Default,Default,Default,Default,Default,Default,Default,Default,Default,Default,Core,Default,Default,Default,Default,Default,Default,Default,Default,Default,Default,Default,Default,Default,Default,Default,Default,Default,Default,Default,Default,Default,Default,Default,Default,Default,Default,Default,Default,Core(Runtime=Core),,1,Workload,Pilot,8,492383340.1,2048,240421.55,17,1,1,368
Program.UsingThread,Practise,Program,UsingThread,Core,Default,Default,Default,Default,Default,Default,Default,Default,Default,Default,Default,Core,Default,Default,Default,Default,Default,Default,Default,Default,Default,Default,Default,Default,Default,Default,Default,Default,Default,Default,Default,Default,Default,Default,Default,Default,Default,Default,Default,Default,Core(Runtime=Core),,1,Workload,Pilot,9,983951504.76,4096,240222.54,17,1,1,368
Program.UsingThread,Practise,Program,UsingThread,Core,Default,Default,Default,Default,Default,Default,Default,Default,Default,Default,Default,Core,Default,Default,Default,Default,Default,Default,Default,Default,Default,Default,Default,Default,Default,Default,Default,Default,Default,Default,Default,Default,Default,Default,Default,Default,Default,Default,Default,Default,Core(Runtime=Core),,1,Overhead,Warmup,1,14606.05,4096,3.57,17,1,1,368
Program.UsingThread,Practise,Program,UsingThread,Core,Default,Default,Default,Default,Default,Default,Default,Default,Default,Default,Default,Core,Default,Default,Default,Default,Default,Default,Default,Default,Default,Default,Default,Default,Default,Default,Default,Default,Default,Default,Default,Default,Default,Default,Default,Default,Default,Default,Default,Default,Core(Runtime=Core),,1,Overhead,Warmup,2,11842.74,4096,2.89,17,1,1,368
Program.UsingThread,Practise,Program,UsingThread,Core,Default,Default,Default,Default,Default,Default,Default,Default,Default,Default,Default,Core,Default,Default,Default,Default,Default,Default,Default,Default,Default,Default,Default,Default,Default,Default,Default,Default,Default,Default,Default,Default,Default,Default,Default,Default,Default,Default,Default,Default,Core(Runtime=Core),,1,Overhead,Warmup,3,16185.08,4096,3.95,17,1,1,368
Program.UsingThread,Practise,Program,UsingThread,Core,Default,Default,Default,Default,Default,Default,Default,Default,Default,Default,Default,Core,Default,Default,Default,Default,Default,Default,Default,Default,Default,Default,Default,Default,Default,Default,Default,Default,Default,Default,Default,Default,Default,Default,Default,Default,Default,Default,Default,Default,Core(Runtime=Core),,1,Overhead,Warmup,4,11842.74,4096,2.89,17,1,1,368
Program.UsingThread,Practise,Program,UsingThread,Core,Default,Default,Default,Default,Default,Default,Default,Default,Default,Default,Default,Core,Default,Default,Default,Default,Default,Default,Default,Default,Default,Default,Default,Default,Default,Default,Default,Default,Default,Default,Default,Default,Default,Default,Default,Default,Default,Default,Default,Default,Core(Runtime=Core),,1,Overhead,Warmup,5,11842.74,4096,2.89,17,1,1,368
Program.UsingThread,Practise,Program,UsingThread,Core,Default,Default,Default,Default,Default,Default,Default,Default,Default,Default,Default,Core,Default,Default,Default,Default,Default,Default,Default,Default,Default,Default,Default,Default,Default,Default,Default,Default,Default,Default,Default,Default,Default,Default,Default,Default,Default,Default,Default,Default,Core(Runtime=Core),,1,Overhead,Warmup,6,11842.74,4096,2.89,17,1,1,368
Program.UsingThread,Practise,Program,UsingThread,Core,Default,Default,Default,Default,Default,Default,Default,Default,Default,Default,Default,Core,Default,Default,Default,Default,Default,Default,Default,Default,Default,Default,Default,Default,Default,Default,Default,Default,Default,Default,Default,Default,Default,Default,Default,Default,Default,Default,Default,Default,Core(Runtime=Core),,1,Overhead,Actual,1,11842.74,4096,2.89,17,1,1,368
Program.UsingThread,Practise,Program,UsingThread,Core,Default,Default,Default,Default,Default,Default,Default,Default,Default,Default,Default,Core,Default,Default,Default,Default,Default,Default,Default,Default,Default,Default,Default,Default,Default,Default,Default,Default,Default,Default,Default,Default,Default,Default,Default,Default,Default,Default,Default,Default,Core(Runtime=Core),,1,Overhead,Actual,2,11842.74,4096,2.89,17,1,1,368
Program.UsingThread,Practise,Program,UsingThread,Core,Default,Default,Default,Default,Default,Default,Default,Default,Default,Default,Default,Core,Default,Default,Default,Default,Default,Default,Default,Default,Default,Default,Default,Default,Default,Default,Default,Default,Default,Default,Default,Default,Default,Default,Default,Default,Default,Default,Default,Default,Core(Runtime=Core),,1,Overhead,Actual,3,11842.74,4096,2.89,17,1,1,368
Program.UsingThread,Practise,Program,UsingThread,Core,Default,Default,Default,Default,Default,Default,Default,Default,Default,Default,Default,Core,Default,Default,Default,Default,Default,Default,Default,Default,Default,Default,Default,Default,Default,Default,Default,Default,Default,Default,Default,Default,Default,Default,Default,Default,Default,Default,Default,Default,Core(Runtime=Core),,1,Overhead,Actual,4,11842.74,4096,2.89,17,1,1,368
Program.UsingThread,Practise,Program,UsingThread,Core,Default,Default,Default,Default,Default,Default,Default,Default,Default,Default,Default,Core,Default,Default,Default,Default,Default,Default,Default,Default,Default,Default,Default,Default,Default,Default,Default,Default,Default,Default,Default,Default,Default,Default,Default,Default,Default,Default,Default,Default,Core(Runtime=Core),,1,Overhead,Actual,5,12237.5,4096,2.99,17,1,1,368
Program.UsingThread,Practise,Program,UsingThread,Core,Default,Default,Default,Default,Default,Default,Default,Default,Default,Default,Default,Core,Default,Default,Default,Default,Default,Default,Default,Default,Default,Default,Default,Default,Default,Default,Default,Default,Default,Default,Default,Default,Default,Default,Default,Default,Default,Default,Default,Default,Core(Runtime=Core),,1,Overhead,Actual,6,15000.81,4096,3.66,17,1,1,368
Program.UsingThread,Practise,Program,UsingThread,Core,Default,Default,Default,Default,Default,Default,Default,Default,Default,Default,Default,Core,Default,Default,Default,Default,Default,Default,Default,Default,Default,Default,Default,Default,Default,Default,Default,Default,Default,Default,Default,Default,Default,Default,Default,Default,Default,Default,Default,Default,Core(Runtime=Core),,1,Overhead,Actual,7,11842.74,4096,2.89,17,1,1,368
Program.UsingThread,Practise,Program,UsingThread,Core,Default,Default,Default,Default,Default,Default,Default,Default,Default,Default,Default,Core,Default,Default,Default,Default,Default,Default,Default,Default,Default,Default,Default,Default,Default,Default,Default,Default,Default,Default,Default,Default,Default,Default,Default,Default,Default,Default,Default,Default,Core(Runtime=Core),,1,Overhead,Actual,8,13027.02,4096,3.18,17,1,1,368
Program.UsingThread,Practise,Program,UsingThread,Core,Default,Default,Default,Default,Default,Default,Default,Default,Default,Default,Default,Core,Default,Default,Default,Default,Default,Default,Default,Default,Default,Default,Default,Default,Default,Default,Default,Default,Default,Default,Default,Default,Default,Default,Default,Default,Default,Default,Default,Default,Core(Runtime=Core),,1,Overhead,Actual,9,25264.52,4096,6.17,17,1,1,368
Program.UsingThread,Practise,Program,UsingThread,Core,Default,Default,Default,Default,Default,Default,Default,Default,Default,Default,Default,Core,Default,Default,Default,Default,Default,Default,Default,Default,Default,Default,Default,Default,Default,Default,Default,Default,Default,Default,Default,Default,Default,Default,Default,Default,Default,Default,Default,Default,Core(Runtime=Core),,1,Overhead,Actual,10,13027.02,4096,3.18,17,1,1,368
Program.UsingThread,Practise,Program,UsingThread,Core,Default,Default,Default,Default,Default,Default,Default,Default,Default,Default,Default,Core,Default,Default,Default,Default,Default,Default,Default,Default,Default,Default,Default,Default,Default,Default,Default,Default,Default,Default,Default,Default,Default,Default,Default,Default,Default,Default,Default,Default,Core(Runtime=Core),,1,Overhead,Actual,11,26448.79,4096,6.46,17,1,1,368
Program.UsingThread,Practise,Program,UsingThread,Core,Default,Default,Default,Default,Default,Default,Default,Default,Default,Default,Default,Core,Default,Default,Default,Default,Default,Default,Default,Default,Default,Default,Default,Default,Default,Default,Default,Default,Default,Default,Default,Default,Default,Default,Default,Default,Default,Default,Default,Default,Core(Runtime=Core),,1,Overhead,Actual,12,25659.28,4096,6.26,17,1,1,368
Program.UsingThread,Practise,Program,UsingThread,Core,Default,Default,Default,Default,Default,Default,Default,Default,Default,Default,Default,Core,Default,Default,Default,Default,Default,Default,Default,Default,Default,Default,Default,Default,Default,Default,Default,Default,Default,Default,Default,Default,Default,Default,Default,Default,Default,Default,Default,Default,Core(Runtime=Core),,1,Overhead,Actual,13,15395.57,4096,3.76,17,1,1,368
Program.UsingThread,Practise,Program,UsingThread,Core,Default,Default,Default,Default,Default,Default,Default,Default,Default,Default,Default,Core,Default,Default,Default,Default,Default,Default,Default,Default,Default,Default,Default,Default,Default,Default,Default,Default,Default,Default,Default,Default,Default,Default,Default,Default,Default,Default,Default,Default,Core(Runtime=Core),,1,Overhead,Actual,14,15395.57,4096,3.76,17,1,1,368
Program.UsingThread,Practise,Program,UsingThread,Core,Default,Default,Default,Default,Default,Default,Default,Default,Default,Default,Default,Core,Default,Default,Default,Default,Default,Default,Default,Default,Default,Default,Default,Default,Default,Default,Default,Default,Default,Default,Default,Default,Default,Default,Default,Default,Default,Default,Default,Default,Core(Runtime=Core),,1,Overhead,Actual,15,15000.81,4096,3.66,17,1,1,368
Program.UsingThread,Practise,Program,UsingThread,Core,Default,Default,Default,Default,Default,Default,Default,Default,Default,Default,Default,Core,Default,Default,Default,Default,Default,Default,Default,Default,Default,Default,Default,Default,Default,Default,Default,Default,Default,Default,Default,Default,Default,Default,Default,Default,Default,Default,Default,Default,Core(Runtime=Core),,1,Overhead,Actual,16,14211.29,4096,3.47,17,1,1,368
Program.UsingThread,Practise,Program,UsingThread,Core,Default,Default,Default,Default,Default,Default,Default,Default,Default,Default,Default,Core,Default,Default,Default,Default,Default,Default,Default,Default,Default,Default,Default,Default,Default,Default,Default,Default,Default,Default,Default,Default,Default,Default,Default,Default,Default,Default,Default,Default,Core(Runtime=Core),,1,Overhead,Actual,17,15000.81,4096,3.66,17,1,1,368
Program.UsingThread,Practise,Program,UsingThread,Core,Default,Default,Default,Default,Default,Default,Default,Default,Default,Default,Default,Core,Default,Default,Default,Default,Default,Default,Default,Default,Default,Default,Default,Default,Default,Default,Default,Default,Default,Default,Default,Default,Default,Default,Default,Default,Default,Default,Default,Default,Core(Runtime=Core),,1,Overhead,Actual,18,12237.5,4096,2.99,17,1,1,368
Program.UsingThread,Practise,Program,UsingThread,Core,Default,Default,Default,Default,Default,Default,Default,Default,Default,Default,Default,Core,Default,Default,Default,Default,Default,Default,Default,Default,Default,Default,Default,Default,Default,Default,Default,Default,Default,Default,Default,Default,Default,Default,Default,Default,Default,Default,Default,Default,Core(Runtime=Core),,1,Overhead,Actual,19,11842.74,4096,2.89,17,1,1,368
Program.UsingThread,Practise,Program,UsingThread,Core,Default,Default,Default,Default,Default,Default,Default,Default,Default,Default,Default,Core,Default,Default,Default,Default,Default,Default,Default,Default,Default,Default,Default,Default,Default,Default,Default,Default,Default,Default,Default,Default,Default,Default,Default,Default,Default,Default,Default,Default,Core(Runtime=Core),,1,Overhead,Actual,20,21316.94,4096,5.2,17,1,1,368
Program.UsingThread,Practise,Program,UsingThread,Core,Default,Default,Default,Default,Default,Default,Default,Default,Default,Default,Default,Core,Default,Default,Default,Default,Default,Default,Default,Default,Default,Default,Default,Default,Default,Default,Default,Default,Default,Default,Default,Default,Default,Default,Default,Default,Default,Default,Default,Default,Core(Runtime=Core),,1,Workload,Warmup,1,1007355132.66,4096,245936.31,17,1,1,368
Program.UsingThread,Practise,Program,UsingThread,Core,Default,Default,Default,Default,Default,Default,Default,Default,Default,Default,Default,Core,Default,Default,Default,Default,Default,Default,Default,Default,Default,Default,Default,Default,Default,Default,Default,Default,Default,Default,Default,Default,Default,Default,Default,Default,Default,Default,Default,Default,Core(Runtime=Core),,1,Workload,Warmup,2,1002569480.38,4096,244767.94,17,1,1,368
Program.UsingThread,Practise,Program,UsingThread,Core,Default,Default,Default,Default,Default,Default,Default,Default,Default,Default,Default,Core,Default,Default,Default,Default,Default,Default,Default,Default,Default,Default,Default,Default,Default,Default,Default,Default,Default,Default,Default,Default,Default,Default,Default,Default,Default,Default,Default,Default,Core(Runtime=Core),,1,Workload,Warmup,3,1020725589.05,4096,249200.58,17,1,1,368
Program.UsingThread,Practise,Program,UsingThread,Core,Default,Default,Default,Default,Default,Default,Default,Default,Default,Default,Default,Core,Default,Default,Default,Default,Default,Default,Default,Default,Default,Default,Default,Default,Default,Default,Default,Default,Default,Default,Default,Default,Default,Default,Default,Default,Default,Default,Default,Default,Core(Runtime=Core),,1,Workload,Warmup,4,1008175045.21,4096,246136.49,17,1,1,368
Program.UsingThread,Practise,Program,UsingThread,Core,Default,Default,Default,Default,Default,Default,Default,Default,Default,Default,Default,Core,Default,Default,Default,Default,Default,Default,Default,Default,Default,Default,Default,Default,Default,Default,Default,Default,Default,Default,Default,Default,Default,Default,Default,Default,Default,Default,Default,Default,Core(Runtime=Core),,1,Workload,Warmup,5,1008692573.06,4096,246262.84,17,1,1,368
Program.UsingThread,Practise,Program,UsingThread,Core,Default,Default,Default,Default,Default,Default,Default,Default,Default,Default,Default,Core,Default,Default,Default,Default,Default,Default,Default,Default,Default,Default,Default,Default,Default,Default,Default,Default,Default,Default,Default,Default,Default,Default,Default,Default,Default,Default,Default,Default,Core(Runtime=Core),,1,Workload,Warmup,6,1005605170.07,4096,245509.07,17,1,1,368
Program.UsingThread,Practise,Program,UsingThread,Core,Default,Default,Default,Default,Default,Default,Default,Default,Default,Default,Default,Core,Default,Default,Default,Default,Default,Default,Default,Default,Default,Default,Default,Default,Default,Default,Default,Default,Default,Default,Default,Default,Default,Default,Default,Default,Default,Default,Default,Default,Core(Runtime=Core),,1,Workload,Actual,1,1006735757.23,4096,245785.1,17,1,1,368
Program.UsingThread,Practise,Program,UsingThread,Core,Default,Default,Default,Default,Default,Default,Default,Default,Default,Default,Default,Core,Default,Default,Default,Default,Default,Default,Default,Default,Default,Default,Default,Default,Default,Default,Default,Default,Default,Default,Default,Default,Default,Default,Default,Default,Default,Default,Default,Default,Core(Runtime=Core),,1,Workload,Actual,2,1010094753.78,4096,246605.16,17,1,1,368
Program.UsingThread,Practise,Program,UsingThread,Core,Default,Default,Default,Default,Default,Default,Default,Default,Default,Default,Default,Core,Default,Default,Default,Default,Default,Default,Default,Default,Default,Default,Default,Default,Default,Default,Default,Default,Default,Default,Default,Default,Default,Default,Default,Default,Default,Default,Default,Default,Core(Runtime=Core),,1,Workload,Actual,3,1005075799.47,4096,245379.83,17,1,1,368
Program.UsingThread,Practise,Program,UsingThread,Core,Default,Default,Default,Default,Default,Default,Default,Default,Default,Default,Default,Core,Default,Default,Default,Default,Default,Default,Default,Default,Default,Default,Default,Default,Default,Default,Default,Default,Default,Default,Default,Default,Default,Default,Default,Default,Default,Default,Default,Default,Core(Runtime=Core),,1,Workload,Actual,4,1006250994.3,4096,245666.75,17,1,1,368
Program.UsingThread,Practise,Program,UsingThread,Core,Default,Default,Default,Default,Default,Default,Default,Default,Default,Default,Default,Core,Default,Default,Default,Default,Default,Default,Default,Default,Default,Default,Default,Default,Default,Default,Default,Default,Default,Default,Default,Default,Default,Default,Default,Default,Default,Default,Default,Default,Core(Runtime=Core),,1,Workload,Actual,5,1008237416.99,4096,246151.71,17,1,1,368
Program.UsingThread,Practise,Program,UsingThread,Core,Default,Default,Default,Default,Default,Default,Default,Default,Default,Default,Default,Core,Default,Default,Default,Default,Default,Default,Default,Default,Default,Default,Default,Default,Default,Default,Default,Default,Default,Default,Default,Default,Default,Default,Default,Default,Default,Default,Default,Default,Core(Runtime=Core),,1,Workload,Actual,6,1011016119.16,4096,246830.11,17,1,1,368
Program.UsingThread,Practise,Program,UsingThread,Core,Default,Default,Default,Default,Default,Default,Default,Default,Default,Default,Default,Core,Default,Default,Default,Default,Default,Default,Default,Default,Default,Default,Default,Default,Default,Default,Default,Default,Default,Default,Default,Default,Default,Default,Default,Default,Default,Default,Default,Default,Core(Runtime=Core),,1,Workload,Actual,7,1040633239.34,4096,254060.85,17,1,1,368
Program.UsingThread,Practise,Program,UsingThread,Core,Default,Default,Default,Default,Default,Default,Default,Default,Default,Default,Default,Core,Default,Default,Default,Default,Default,Default,Default,Default,Default,Default,Default,Default,Default,Default,Default,Default,Default,Default,Default,Default,Default,Default,Default,Default,Default,Default,Default,Default,Core(Runtime=Core),,1,Workload,Actual,8,1004940002.69,4096,245346.68,17,1,1,368
Program.UsingThread,Practise,Program,UsingThread,Core,Default,Default,Default,Default,Default,Default,Default,Default,Default,Default,Default,Core,Default,Default,Default,Default,Default,Default,Default,Default,Default,Default,Default,Default,Default,Default,Default,Default,Default,Default,Default,Default,Default,Default,Default,Default,Default,Default,Default,Default,Core(Runtime=Core),,1,Workload,Actual,9,1010073436.85,4096,246599.96,17,1,1,368
Program.UsingThread,Practise,Program,UsingThread,Core,Default,Default,Default,Default,Default,Default,Default,Default,Default,Default,Default,Core,Default,Default,Default,Default,Default,Default,Default,Default,Default,Default,Default,Default,Default,Default,Default,Default,Default,Default,Default,Default,Default,Default,Default,Default,Default,Default,Default,Default,Core(Runtime=Core),,1,Workload,Actual,10,1011828531.3,4096,247028.45,17,1,1,368
Program.UsingThread,Practise,Program,UsingThread,Core,Default,Default,Default,Default,Default,Default,Default,Default,Default,Default,Default,Core,Default,Default,Default,Default,Default,Default,Default,Default,Default,Default,Default,Default,Default,Default,Default,Default,Default,Default,Default,Default,Default,Default,Default,Default,Default,Default,Default,Default,Core(Runtime=Core),,1,Workload,Actual,11,1007017614.5,4096,245853.91,17,1,1,368
Program.UsingThread,Practise,Program,UsingThread,Core,Default,Default,Default,Default,Default,Default,Default,Default,Default,Default,Default,Core,Default,Default,Default,Default,Default,Default,Default,Default,Default,Default,Default,Default,Default,Default,Default,Default,Default,Default,Default,Default,Default,Default,Default,Default,Default,Default,Default,Default,Core(Runtime=Core),,1,Workload,Actual,12,1013241765.25,4096,247373.48,17,1,1,368
Program.UsingThread,Practise,Program,UsingThread,Core,Default,Default,Default,Default,Default,Default,Default,Default,Default,Default,Default,Core,Default,Default,Default,Default,Default,Default,Default,Default,Default,Default,Default,Default,Default,Default,Default,Default,Default,Default,Default,Default,Default,Default,Default,Default,Default,Default,Default,Default,Core(Runtime=Core),,1,Workload,Actual,13,1007739232.28,4096,246030.09,17,1,1,368
Program.UsingThread,Practise,Program,UsingThread,Core,Default,Default,Default,Default,Default,Default,Default,Default,Default,Default,Default,Core,Default,Default,Default,Default,Default,Default,Default,Default,Default,Default,Default,Default,Default,Default,Default,Default,Default,Default,Default,Default,Default,Default,Default,Default,Default,Default,Default,Default,Core(Runtime=Core),,1,Workload,Actual,14,1001839177.92,4096,244589.64,17,1,1,368
Program.UsingThread,Practise,Program,UsingThread,Core,Default,Default,Default,Default,Default,Default,Default,Default,Default,Default,Default,Core,Default,Default,Default,Default,Default,Default,Default,Default,Default,Default,Default,Default,Default,Default,Default,Default,Default,Default,Default,Default,Default,Default,Default,Default,Default,Default,Default,Default,Core(Runtime=Core),,1,Workload,Actual,15,1004202594.59,4096,245166.65,17,1,1,368
Program.UsingThread,Practise,Program,UsingThread,Core,Default,Default,Default,Default,Default,Default,Default,Default,Default,Default,Default,Core,Default,Default,Default,Default,Default,Default,Default,Default,Default,Default,Default,Default,Default,Default,Default,Default,Default,Default,Default,Default,Default,Default,Default,Default,Default,Default,Default,Default,Core(Runtime=Core),,1,Workload,Result,1,1006722138.07,4096,245781.77,17,1,1,368
Program.UsingThread,Practise,Program,UsingThread,Core,Default,Default,Default,Default,Default,Default,Default,Default,Default,Default,Default,Core,Default,Default,Default,Default,Default,Default,Default,Default,Default,Default,Default,Default,Default,Default,Default,Default,Default,Default,Default,Default,Default,Default,Default,Default,Default,Default,Default,Default,Core(Runtime=Core),,1,Workload,Result,2,1010081134.63,4096,246601.84,17,1,1,368
Program.UsingThread,Practise,Program,UsingThread,Core,Default,Default,Default,Default,Default,Default,Default,Default,Default,Default,Default,Core,Default,Default,Default,Default,Default,Default,Default,Default,Default,Default,Default,Default,Default,Default,Default,Default,Default,Default,Default,Default,Default,Default,Default,Default,Default,Default,Default,Default,Core(Runtime=Core),,1,Workload,Result,3,1005062180.32,4096,245376.51,17,1,1,368
Program.UsingThread,Practise,Program,UsingThread,Core,Default,Default,Default,Default,Default,Default,Default,Default,Default,Default,Default,Core,Default,Default,Default,Default,Default,Default,Default,Default,Default,Default,Default,Default,Default,Default,Default,Default,Default,Default,Default,Default,Default,Default,Default,Default,Default,Default,Default,Default,Core(Runtime=Core),,1,Workload,Result,4,1006237375.14,4096,245663.42,17,1,1,368
Program.UsingThread,Practise,Program,UsingThread,Core,Default,Default,Default,Default,Default,Default,Default,Default,Default,Default,Default,Core,Default,Default,Default,Default,Default,Default,Default,Default,Default,Default,Default,Default,Default,Default,Default,Default,Default,Default,Default,Default,Default,Default,Default,Default,Default,Default,Default,Default,Core(Runtime=Core),,1,Workload,Result,5,1008223797.83,4096,246148.39,17,1,1,368
Program.UsingThread,Practise,Program,UsingThread,Core,Default,Default,Default,Default,Default,Default,Default,Default,Default,Default,Default,Core,Default,Default,Default,Default,Default,Default,Default,Default,Default,Default,Default,Default,Default,Default,Default,Default,Default,Default,Default,Default,Default,Default,Default,Default,Default,Default,Default,Default,Core(Runtime=Core),,1,Workload,Result,6,1011002500,4096,246826.78,17,1,1,368
Program.UsingThread,Practise,Program,UsingThread,Core,Default,Default,Default,Default,Default,Default,Default,Default,Default,Default,Default,Core,Default,Default,Default,Default,Default,Default,Default,Default,Default,Default,Default,Default,Default,Default,Default,Default,Default,Default,Default,Default,Default,Default,Default,Default,Default,Default,Default,Default,Core(Runtime=Core),,1,Workload,Result,7,1004926383.54,4096,245343.36,17,1,1,368
Program.UsingThread,Practise,Program,UsingThread,Core,Default,Default,Default,Default,Default,Default,Default,Default,Default,Default,Default,Core,Default,Default,Default,Default,Default,Default,Default,Default,Default,Default,Default,Default,Default,Default,Default,Default,Default,Default,Default,Default,Default,Default,Default,Default,Default,Default,Default,Default,Core(Runtime=Core),,1,Workload,Result,8,1010059817.69,4096,246596.64,17,1,1,368
Program.UsingThread,Practise,Program,UsingThread,Core,Default,Default,Default,Default,Default,Default,Default,Default,Default,Default,Default,Core,Default,Default,Default,Default,Default,Default,Default,Default,Default,Default,Default,Default,Default,Default,Default,Default,Default,Default,Default,Default,Default,Default,Default,Default,Default,Default,Default,Default,Core(Runtime=Core),,1,Workload,Result,9,1011814912.14,4096,247025.13,17,1,1,368
Program.UsingThread,Practise,Program,UsingThread,Core,Default,Default,Default,Default,Default,Default,Default,Default,Default,Default,Default,Core,Default,Default,Default,Default,Default,Default,Default,Default,Default,Default,Default,Default,Default,Default,Default,Default,Default,Default,Default,Default,Default,Default,Default,Default,Default,Default,Default,Default,Core(Runtime=Core),,1,Workload,Result,10,1007003995.35,4096,245850.58,17,1,1,368
Program.UsingThread,Practise,Program,UsingThread,Core,Default,Default,Default,Default,Default,Default,Default,Default,Default,Default,Default,Core,Default,Default,Default,Default,Default,Default,Default,Default,Default,Default,Default,Default,Default,Default,Default,Default,Default,Default,Default,Default,Default,Default,Default,Default,Default,Default,Default,Default,Core(Runtime=Core),,1,Workload,Result,11,1013228146.09,4096,247370.15,17,1,1,368
Program.UsingThread,Practise,Program,UsingThread,Core,Default,Default,Default,Default,Default,Default,Default,Default,Default,Default,Default,Core,Default,Default,Default,Default,Default,Default,Default,Default,Default,Default,Default,Default,Default,Default,Default,Default,Default,Default,Default,Default,Default,Default,Default,Default,Default,Default,Default,Default,Core(Runtime=Core),,1,Workload,Result,12,1007725613.13,4096,246026.76,17,1,1,368
Program.UsingThread,Practise,Program,UsingThread,Core,Default,Default,Default,Default,Default,Default,Default,Default,Default,Default,Default,Core,Default,Default,Default,Default,Default,Default,Default,Default,Default,Default,Default,Default,Default,Default,Default,Default,Default,Default,Default,Default,Default,Default,Default,Default,Default,Default,Default,Default,Core(Runtime=Core),,1,Workload,Result,13,1001825558.77,4096,244586.32,17,1,1,368
Program.UsingThread,Practise,Program,UsingThread,Core,Default,Default,Default,Default,Default,Default,Default,Default,Default,Default,Default,Core,Default,Default,Default,Default,Default,Default,Default,Default,Default,Default,Default,Default,Default,Default,Default,Default,Default,Default,Default,Default,Default,Default,Default,Default,Default,Default,Default,Default,Core(Runtime=Core),,1,Workload,Result,14,1004188975.43,4096,245163.32,17,1,1,368
Program.UsingTask,Practise,Program,UsingTask,Core,Default,Default,Default,Default,Default,Default,Default,Default,Default,Default,Default,Core,Default,Default,Default,Default,Default,Default,Default,Default,Default,Default,Default,Default,Default,Default,Default,Default,Default,Default,Default,Default,Default,Default,Default,Default,Default,Default,Default,Default,Core(Runtime=Core),,1,Overhead,Jitting,1,542397.61,1,542397.61,608,0,0,152
Program.UsingTask,Practise,Program,UsingTask,Core,Default,Default,Default,Default,Default,Default,Default,Default,Default,Default,Default,Core,Default,Default,Default,Default,Default,Default,Default,Default,Default,Default,Default,Default,Default,Default,Default,Default,Default,Default,Default,Default,Default,Default,Default,Default,Default,Default,Default,Default,Core(Runtime=Core),,1,Workload,Jitting,1,782805.29,1,782805.29,608,0,0,152
Program.UsingTask,Practise,Program,UsingTask,Core,Default,Default,Default,Default,Default,Default,Default,Default,Default,Default,Default,Core,Default,Default,Default,Default,Default,Default,Default,Default,Default,Default,Default,Default,Default,Default,Default,Default,Default,Default,Default,Default,Default,Default,Default,Default,Default,Default,Default,Default,Core(Runtime=Core),,1,Overhead,Jitting,2,438181.48,16,27386.34,608,0,0,152
Program.UsingTask,Practise,Program,UsingTask,Core,Default,Default,Default,Default,Default,Default,Default,Default,Default,Default,Default,Core,Default,Default,Default,Default,Default,Default,Default,Default,Default,Default,Default,Default,Default,Default,Default,Default,Default,Default,Default,Default,Default,Default,Default,Default,Default,Default,Default,Default,Core(Runtime=Core),,1,Workload,Jitting,2,503316.56,16,31457.29,608,0,0,152
Program.UsingTask,Practise,Program,UsingTask,Core,Default,Default,Default,Default,Default,Default,Default,Default,Default,Default,Default,Core,Default,Default,Default,Default,Default,Default,Default,Default,Default,Default,Default,Default,Default,Default,Default,Default,Default,Default,Default,Default,Default,Default,Default,Default,Default,Default,Default,Default,Core(Runtime=Core),,1,Workload,Pilot,1,6316.13,16,394.76,608,0,0,152
Program.UsingTask,Practise,Program,UsingTask,Core,Default,Default,Default,Default,Default,Default,Default,Default,Default,Default,Default,Core,Default,Default,Default,Default,Default,Default,Default,Default,Default,Default,Default,Default,Default,Default,Default,Default,Default,Default,Default,Default,Default,Default,Default,Default,Default,Default,Default,Default,Core(Runtime=Core),,1,Workload,Pilot,2,3947.58,32,123.36,608,0,0,152
Program.UsingTask,Practise,Program,UsingTask,Core,Default,Default,Default,Default,Default,Default,Default,Default,Default,Default,Default,Core,Default,Default,Default,Default,Default,Default,Default,Default,Default,Default,Default,Default,Default,Default,Default,Default,Default,Default,Default,Default,Default,Default,Default,Default,Default,Default,Default,Default,Core(Runtime=Core),,1,Workload,Pilot,3,9474.19,64,148.03,608,0,0,152
Program.UsingTask,Practise,Program,UsingTask,Core,Default,Default,Default,Default,Default,Default,Default,Default,Default,Default,Default,Core,Default,Default,Default,Default,Default,Default,Default,Default,Default,Default,Default,Default,Default,Default,Default,Default,Default,Default,Default,Default,Default,Default,Default,Default,Default,Default,Default,Default,Core(Runtime=Core),,1,Workload,Pilot,4,10658.47,128,83.27,608,0,0,152
Program.UsingTask,Practise,Program,UsingTask,Core,Default,Default,Default,Default,Default,Default,Default,Default,Default,Default,Default,Core,Default,Default,Default,Default,Default,Default,Default,Default,Default,Default,Default,Default,Default,Default,Default,Default,Default,Default,Default,Default,Default,Default,Default,Default,Default,Default,Default,Default,Core(Runtime=Core),,1,Workload,Pilot,5,22501.21,256,87.9,608,0,0,152
Program.UsingTask,Practise,Program,UsingTask,Core,Default,Default,Default,Default,Default,Default,Default,Default,Default,Default,Default,Core,Default,Default,Default,Default,Default,Default,Default,Default,Default,Default,Default,Default,Default,Default,Default,Default,Default,Default,Default,Default,Default,Default,Default,Default,Default,Default,Default,Default,Core(Runtime=Core),,1,Workload,Pilot,6,67503.63,512,131.84,608,0,0,152
Program.UsingTask,Practise,Program,UsingTask,Core,Default,Default,Default,Default,Default,Default,Default,Default,Default,Default,Default,Core,Default,Default,Default,Default,Default,Default,Default,Default,Default,Default,Default,Default,Default,Default,Default,Default,Default,Default,Default,Default,Default,Default,Default,Default,Default,Default,Default,Default,Core(Runtime=Core),,1,Workload,Pilot,7,75793.55,1024,74.02,608,0,0,152
Program.UsingTask,Practise,Program,UsingTask,Core,Default,Default,Default,Default,Default,Default,Default,Default,Default,Default,Default,Core,Default,Default,Default,Default,Default,Default,Default,Default,Default,Default,Default,Default,Default,Default,Default,Default,Default,Default,Default,Default,Default,Default,Default,Default,Default,Default,Default,Default,Core(Runtime=Core),,1,Workload,Pilot,8,220275.01,2048,107.56,608,0,0,152
Program.UsingTask,Practise,Program,UsingTask,Core,Default,Default,Default,Default,Default,Default,Default,Default,Default,Default,Default,Core,Default,Default,Default,Default,Default,Default,Default,Default,Default,Default,Default,Default,Default,Default,Default,Default,Default,Default,Default,Default,Default,Default,Default,Default,Default,Default,Default,Default,Core(Runtime=Core),,1,Workload,Pilot,9,495026.64,4096,120.86,608,0,0,152
Program.UsingTask,Practise,Program,UsingTask,Core,Default,Default,Default,Default,Default,Default,Default,Default,Default,Default,Default,Core,Default,Default,Default,Default,Default,Default,Default,Default,Default,Default,Default,Default,Default,Default,Default,Default,Default,Default,Default,Default,Default,Default,Default,Default,Default,Default,Default,Default,Core(Runtime=Core),,1,Workload,Pilot,10,905969.81,8192,110.59,608,0,0,152
Program.UsingTask,Practise,Program,UsingTask,Core,Default,Default,Default,Default,Default,Default,Default,Default,Default,Default,Default,Core,Default,Default,Default,Default,Default,Default,Default,Default,Default,Default,Default,Default,Default,Default,Default,Default,Default,Default,Default,Default,Default,Default,Default,Default,Default,Default,Default,Default,Core(Runtime=Core),,1,Workload,Pilot,11,1929972.28,16384,117.8,608,0,0,152
Program.UsingTask,Practise,Program,UsingTask,Core,Default,Default,Default,Default,Default,Default,Default,Default,Default,Default,Default,Core,Default,Default,Default,Default,Default,Default,Default,Default,Default,Default,Default,Default,Default,Default,Default,Default,Default,Default,Default,Default,Default,Default,Default,Default,Default,Default,Default,Default,Core(Runtime=Core),,1,Workload,Pilot,12,2268674.72,32768,69.23,608,0,0,152
Program.UsingTask,Practise,Program,UsingTask,Core,Default,Default,Default,Default,Default,Default,Default,Default,Default,Default,Default,Core,Default,Default,Default,Default,Default,Default,Default,Default,Default,Default,Default,Default,Default,Default,Default,Default,Default,Default,Default,Default,Default,Default,Default,Default,Default,Default,Default,Default,Core(Runtime=Core),,1,Workload,Pilot,13,4786047.04,65536,73.03,608,0,0,152
Program.UsingTask,Practise,Program,UsingTask,Core,Default,Default,Default,Default,Default,Default,Default,Default,Default,Default,Default,Core,Default,Default,Default,Default,Default,Default,Default,Default,Default,Default,Default,Default,Default,Default,Default,Default,Default,Default,Default,Default,Default,Default,Default,Default,Default,Default,Default,Default,Core(Runtime=Core),,1,Workload,Pilot,14,9444192.46,131072,72.05,608,0,0,152
Program.UsingTask,Practise,Program,UsingTask,Core,Default,Default,Default,Default,Default,Default,Default,Default,Default,Default,Default,Core,Default,Default,Default,Default,Default,Default,Default,Default,Default,Default,Default,Default,Default,Default,Default,Default,Default,Default,Default,Default,Default,Default,Default,Default,Default,Default,Default,Default,Core(Runtime=Core),,1,Workload,Pilot,15,18503495.78,262144,70.59,608,0,0,152
Program.UsingTask,Practise,Program,UsingTask,Core,Default,Default,Default,Default,Default,Default,Default,Default,Default,Default,Default,Core,Default,Default,Default,Default,Default,Default,Default,Default,Default,Default,Default,Default,Default,Default,Default,Default,Default,Default,Default,Default,Default,Default,Default,Default,Default,Default,Default,Default,Core(Runtime=Core),,1,Workload,Pilot,16,41558552.3,524288,79.27,608,0,0,152
Program.UsingTask,Practise,Program,UsingTask,Core,Default,Default,Default,Default,Default,Default,Default,Default,Default,Default,Default,Core,Default,Default,Default,Default,Default,Default,Default,Default,Default,Default,Default,Default,Default,Default,Default,Default,Default,Default,Default,Default,Default,Default,Default,Default,Default,Default,Default,Default,Core(Runtime=Core),,1,Workload,Pilot,17,73489349.62,1048576,70.08,608,0,0,152
Program.UsingTask,Practise,Program,UsingTask,Core,Default,Default,Default,Default,Default,Default,Default,Default,Default,Default,Default,Core,Default,Default,Default,Default,Default,Default,Default,Default,Default,Default,Default,Default,Default,Default,Default,Default,Default,Default,Default,Default,Default,Default,Default,Default,Default,Default,Default,Default,Core(Runtime=Core),,1,Workload,Pilot,18,141317473.53,2097152,67.39,608,0,0,152
Program.UsingTask,Practise,Program,UsingTask,Core,Default,Default,Default,Default,Default,Default,Default,Default,Default,Default,Default,Core,Default,Default,Default,Default,Default,Default,Default,Default,Default,Default,Default,Default,Default,Default,Default,Default,Default,Default,Default,Default,Default,Default,Default,Default,Default,Default,Default,Default,Core(Runtime=Core),,1,Workload,Pilot,19,285432992.38,4194304,68.05,608,0,0,152
Program.UsingTask,Practise,Program,UsingTask,Core,Default,Default,Default,Default,Default,Default,Default,Default,Default,Default,Default,Core,Default,Default,Default,Default,Default,Default,Default,Default,Default,Default,Default,Default,Default,Default,Default,Default,Default,Default,Default,Default,Default,Default,Default,Default,Default,Default,Default,Default,Core(Runtime=Core),,1,Workload,Pilot,20,565076857.43,8388608,67.36,608,0,0,152
Program.UsingTask,Practise,Program,UsingTask,Core,Default,Default,Default,Default,Default,Default,Default,Default,Default,Default,Default,Core,Default,Default,Default,Default,Default,Default,Default,Default,Default,Default,Default,Default,Default,Default,Default,Default,Default,Default,Default,Default,Default,Default,Default,Default,Default,Default,Default,Default,Core(Runtime=Core),,1,Overhead,Warmup,1,24270121.91,8388608,2.89,608,0,0,152
Program.UsingTask,Practise,Program,UsingTask,Core,Default,Default,Default,Default,Default,Default,Default,Default,Default,Default,Default,Core,Default,Default,Default,Default,Default,Default,Default,Default,Default,Default,Default,Default,Default,Default,Default,Default,Default,Default,Default,Default,Default,Default,Default,Default,Default,Default,Default,Default,Core(Runtime=Core),,1,Overhead,Warmup,2,23831940.43,8388608,2.84,608,0,0,152
Program.UsingTask,Practise,Program,UsingTask,Core,Default,Default,Default,Default,Default,Default,Default,Default,Default,Default,Default,Core,Default,Default,Default,Default,Default,Default,Default,Default,Default,Default,Default,Default,Default,Default,Default,Default,Default,Default,Default,Default,Default,Default,Default,Default,Default,Default,Default,Default,Core(Runtime=Core),,1,Overhead,Warmup,3,23937340.84,8388608,2.85,608,0,0,152
Program.UsingTask,Practise,Program,UsingTask,Core,Default,Default,Default,Default,Default,Default,Default,Default,Default,Default,Default,Core,Default,Default,Default,Default,Default,Default,Default,Default,Default,Default,Default,Default,Default,Default,Default,Default,Default,Default,Default,Default,Default,Default,Default,Default,Default,Default,Default,Default,Core(Runtime=Core),,1,Overhead,Warmup,4,24315124.33,8388608,2.9,608,0,0,152
Program.UsingTask,Practise,Program,UsingTask,Core,Default,Default,Default,Default,Default,Default,Default,Default,Default,Default,Default,Core,Default,Default,Default,Default,Default,Default,Default,Default,Default,Default,Default,Default,Default,Default,Default,Default,Default,Default,Default,Default,Default,Default,Default,Default,Default,Default,Default,Default,Core(Runtime=Core),,1,Overhead,Warmup,5,24017081.97,8388608,2.86,608,0,0,152
Program.UsingTask,Practise,Program,UsingTask,Core,Default,Default,Default,Default,Default,Default,Default,Default,Default,Default,Default,Core,Default,Default,Default,Default,Default,Default,Default,Default,Default,Default,Default,Default,Default,Default,Default,Default,Default,Default,Default,Default,Default,Default,Default,Default,Default,Default,Default,Default,Core(Runtime=Core),,1,Overhead,Warmup,6,23772726.72,8388608,2.83,608,0,0,152
Program.UsingTask,Practise,Program,UsingTask,Core,Default,Default,Default,Default,Default,Default,Default,Default,Default,Default,Default,Core,Default,Default,Default,Default,Default,Default,Default,Default,Default,Default,Default,Default,Default,Default,Default,Default,Default,Default,Default,Default,Default,Default,Default,Default,Default,Default,Default,Default,Core(Runtime=Core),,1,Overhead,Warmup,7,24009976.33,8388608,2.86,608,0,0,152
Program.UsingTask,Practise,Program,UsingTask,Core,Default,Default,Default,Default,Default,Default,Default,Default,Default,Default,Default,Core,Default,Default,Default,Default,Default,Default,Default,Default,Default,Default,Default,Default,Default,Default,Default,Default,Default,Default,Default,Default,Default,Default,Default,Default,Default,Default,Default,Default,Core(Runtime=Core),,1,Overhead,Warmup,8,24301702.55,8388608,2.9,608,0,0,152
Program.UsingTask,Practise,Program,UsingTask,Core,Default,Default,Default,Default,Default,Default,Default,Default,Default,Default,Default,Core,Default,Default,Default,Default,Default,Default,Default,Default,Default,Default,Default,Default,Default,Default,Default,Default,Default,Default,Default,Default,Default,Default,Default,Default,Default,Default,Default,Default,Core(Runtime=Core),,1,Overhead,Warmup,9,24576059.42,8388608,2.93,608,0,0,152
Program.UsingTask,Practise,Program,UsingTask,Core,Default,Default,Default,Default,Default,Default,Default,Default,Default,Default,Default,Core,Default,Default,Default,Default,Default,Default,Default,Default,Default,Default,Default,Default,Default,Default,Default,Default,Default,Default,Default,Default,Default,Default,Default,Default,Default,Default,Default,Default,Core(Runtime=Core),,1,Overhead,Warmup,10,23873390.03,8388608,2.85,608,0,0,152
Program.UsingTask,Practise,Program,UsingTask,Core,Default,Default,Default,Default,Default,Default,Default,Default,Default,Default,Default,Core,Default,Default,Default,Default,Default,Default,Default,Default,Default,Default,Default,Default,Default,Default,Default,Default,Default,Default,Default,Default,Default,Default,Default,Default,Default,Default,Default,Default,Core(Runtime=Core),,1,Overhead,Actual,1,24017871.49,8388608,2.86,608,0,0,152
Program.UsingTask,Practise,Program,UsingTask,Core,Default,Default,Default,Default,Default,Default,Default,Default,Default,Default,Default,Core,Default,Default,Default,Default,Default,Default,Default,Default,Default,Default,Default,Default,Default,Default,Default,Default,Default,Default,Default,Default,Default,Default,Default,Default,Default,Default,Default,Default,Core(Runtime=Core),,1,Overhead,Actual,2,24329730.38,8388608,2.9,608,0,0,152
Program.UsingTask,Practise,Program,UsingTask,Core,Default,Default,Default,Default,Default,Default,Default,Default,Default,Default,Default,Core,Default,Default,Default,Default,Default,Default,Default,Default,Default,Default,Default,Default,Default,Default,Default,Default,Default,Default,Default,Default,Default,Default,Default,Default,Default,Default,Default,Default,Core(Runtime=Core),,1,Overhead,Actual,3,23766015.83,8388608,2.83,608,0,0,152
Program.UsingTask,Practise,Program,UsingTask,Core,Default,Default,Default,Default,Default,Default,Default,Default,Default,Default,Default,Core,Default,Default,Default,Default,Default,Default,Default,Default,Default,Default,Default,Default,Default,Default,Default,Default,Default,Default,Default,Default,Default,Default,Default,Default,Default,Default,Default,Default,Core(Runtime=Core),,1,Overhead,Actual,4,24071558.59,8388608,2.87,608,0,0,152
Program.UsingTask,Practise,Program,UsingTask,Core,Default,Default,Default,Default,Default,Default,Default,Default,Default,Default,Default,Core,Default,Default,Default,Default,Default,Default,Default,Default,Default,Default,Default,Default,Default,Default,Default,Default,Default,Default,Default,Default,Default,Default,Default,Default,Default,Default,Default,Default,Core(Runtime=Core),,1,Overhead,Actual,5,23885232.77,8388608,2.85,608,0,0,152
Program.UsingTask,Practise,Program,UsingTask,Core,Default,Default,Default,Default,Default,Default,Default,Default,Default,Default,Default,Core,Default,Default,Default,Default,Default,Default,Default,Default,Default,Default,Default,Default,Default,Default,Default,Default,Default,Default,Default,Default,Default,Default,Default,Default,Default,Default,Default,Default,Core(Runtime=Core),,1,Overhead,Actual,6,24004054.96,8388608,2.86,608,0,0,152
Program.UsingTask,Practise,Program,UsingTask,Core,Default,Default,Default,Default,Default,Default,Default,Default,Default,Default,Default,Core,Default,Default,Default,Default,Default,Default,Default,Default,Default,Default,Default,Default,Default,Default,Default,Default,Default,Default,Default,Default,Default,Default,Default,Default,Default,Default,Default,Default,Core(Runtime=Core),,1,Overhead,Actual,7,23916023.9,8388608,2.85,608,0,0,152
Program.UsingTask,Practise,Program,UsingTask,Core,Default,Default,Default,Default,Default,Default,Default,Default,Default,Default,Default,Core,Default,Default,Default,Default,Default,Default,Default,Default,Default,Default,Default,Default,Default,Default,Default,Default,Default,Default,Default,Default,Default,Default,Default,Default,Default,Default,Default,Default,Core(Runtime=Core),,1,Overhead,Actual,8,23959052.53,8388608,2.86,608,0,0,152
Program.UsingTask,Practise,Program,UsingTask,Core,Default,Default,Default,Default,Default,Default,Default,Default,Default,Default,Default,Core,Default,Default,Default,Default,Default,Default,Default,Default,Default,Default,Default,Default,Default,Default,Default,Default,Default,Default,Default,Default,Default,Default,Default,Default,Default,Default,Default,Default,Core(Runtime=Core),,1,Overhead,Actual,9,23945236,8388608,2.85,608,0,0,152
Program.UsingTask,Practise,Program,UsingTask,Core,Default,Default,Default,Default,Default,Default,Default,Default,Default,Default,Default,Core,Default,Default,Default,Default,Default,Default,Default,Default,Default,Default,Default,Default,Default,Default,Default,Default,Default,Default,Default,Default,Default,Default,Default,Default,Default,Default,Default,Default,Core(Runtime=Core),,1,Overhead,Actual,10,24055373.51,8388608,2.87,608,0,0,152
Program.UsingTask,Practise,Program,UsingTask,Core,Default,Default,Default,Default,Default,Default,Default,Default,Default,Default,Default,Core,Default,Default,Default,Default,Default,Default,Default,Default,Default,Default,Default,Default,Default,Default,Default,Default,Default,Default,Default,Default,Default,Default,Default,Default,Default,Default,Default,Default,Core(Runtime=Core),,1,Overhead,Actual,11,24163931.98,8388608,2.88,608,0,0,152
Program.UsingTask,Practise,Program,UsingTask,Core,Default,Default,Default,Default,Default,Default,Default,Default,Default,Default,Default,Core,Default,Default,Default,Default,Default,Default,Default,Default,Default,Default,Default,Default,Default,Default,Default,Default,Default,Default,Default,Default,Default,Default,Default,Default,Default,Default,Default,Default,Core(Runtime=Core),,1,Overhead,Actual,12,24138272.7,8388608,2.88,608,0,0,152
Program.UsingTask,Practise,Program,UsingTask,Core,Default,Default,Default,Default,Default,Default,Default,Default,Default,Default,Default,Core,Default,Default,Default,Default,Default,Default,Default,Default,Default,Default,Default,Default,Default,Default,Default,Default,Default,Default,Default,Default,Default,Default,Default,Default,Default,Default,Default,Default,Core(Runtime=Core),,1,Overhead,Actual,13,23953525.92,8388608,2.86,608,0,0,152
Program.UsingTask,Practise,Program,UsingTask,Core,Default,Default,Default,Default,Default,Default,Default,Default,Default,Default,Default,Core,Default,Default,Default,Default,Default,Default,Default,Default,Default,Default,Default,Default,Default,Default,Default,Default,Default,Default,Default,Default,Default,Default,Default,Default,Default,Default,Default,Default,Core(Runtime=Core),,1,Overhead,Actual,14,23900233.58,8388608,2.85,608,0,0,152
Program.UsingTask,Practise,Program,UsingTask,Core,Default,Default,Default,Default,Default,Default,Default,Default,Default,Default,Default,Core,Default,Default,Default,Default,Default,Default,Default,Default,Default,Default,Default,Default,Default,Default,Default,Default,Default,Default,Default,Default,Default,Default,Default,Default,Default,Default,Default,Default,Core(Runtime=Core),,1,Overhead,Actual,15,23993001.73,8388608,2.86,608,0,0,152
Program.UsingTask,Practise,Program,UsingTask,Core,Default,Default,Default,Default,Default,Default,Default,Default,Default,Default,Default,Core,Default,Default,Default,Default,Default,Default,Default,Default,Default,Default,Default,Default,Default,Default,Default,Default,Default,Default,Default,Default,Default,Default,Default,Default,Default,Default,Default,Default,Core(Runtime=Core),,1,Workload,Warmup,1,584369474.62,8388608,69.66,608,0,0,152
Program.UsingTask,Practise,Program,UsingTask,Core,Default,Default,Default,Default,Default,Default,Default,Default,Default,Default,Default,Core,Default,Default,Default,Default,Default,Default,Default,Default,Default,Default,Default,Default,Default,Default,Default,Default,Default,Default,Default,Default,Default,Default,Default,Default,Default,Default,Default,Default,Core(Runtime=Core),,1,Workload,Warmup,2,576112319.73,8388608,68.68,608,0,0,152
Program.UsingTask,Practise,Program,UsingTask,Core,Default,Default,Default,Default,Default,Default,Default,Default,Default,Default,Default,Core,Default,Default,Default,Default,Default,Default,Default,Default,Default,Default,Default,Default,Default,Default,Default,Default,Default,Default,Default,Default,Default,Default,Default,Default,Default,Default,Default,Default,Core(Runtime=Core),,1,Workload,Warmup,3,584977402.07,8388608,69.73,608,0,0,152
Program.UsingTask,Practise,Program,UsingTask,Core,Default,Default,Default,Default,Default,Default,Default,Default,Default,Default,Default,Core,Default,Default,Default,Default,Default,Default,Default,Default,Default,Default,Default,Default,Default,Default,Default,Default,Default,Default,Default,Default,Default,Default,Default,Default,Default,Default,Default,Default,Core(Runtime=Core),,1,Workload,Warmup,4,575609792.68,8388608,68.62,608,0,0,152
Program.UsingTask,Practise,Program,UsingTask,Core,Default,Default,Default,Default,Default,Default,Default,Default,Default,Default,Default,Core,Default,Default,Default,Default,Default,Default,Default,Default,Default,Default,Default,Default,Default,Default,Default,Default,Default,Default,Default,Default,Default,Default,Default,Default,Default,Default,Default,Default,Core(Runtime=Core),,1,Workload,Warmup,5,584920951.67,8388608,69.73,608,0,0,152
Program.UsingTask,Practise,Program,UsingTask,Core,Default,Default,Default,Default,Default,Default,Default,Default,Default,Default,Default,Core,Default,Default,Default,Default,Default,Default,Default,Default,Default,Default,Default,Default,Default,Default,Default,Default,Default,Default,Default,Default,Default,Default,Default,Default,Default,Default,Default,Default,Core(Runtime=Core),,1,Workload,Warmup,6,585304261.77,8388608,69.77,608,0,0,152
Program.UsingTask,Practise,Program,UsingTask,Core,Default,Default,Default,Default,Default,Default,Default,Default,Default,Default,Default,Core,Default,Default,Default,Default,Default,Default,Default,Default,Default,Default,Default,Default,Default,Default,Default,Default,Default,Default,Default,Default,Default,Default,Default,Default,Default,Default,Default,Default,Core(Runtime=Core),,1,Workload,Warmup,7,579530530,8388608,69.09,608,0,0,152
Program.UsingTask,Practise,Program,UsingTask,Core,Default,Default,Default,Default,Default,Default,Default,Default,Default,Default,Default,Core,Default,Default,Default,Default,Default,Default,Default,Default,Default,Default,Default,Default,Default,Default,Default,Default,Default,Default,Default,Default,Default,Default,Default,Default,Default,Default,Default,Default,Core(Runtime=Core),,1,Workload,Actual,1,578761936,8388608,68.99,608,0,0,152
Program.UsingTask,Practise,Program,UsingTask,Core,Default,Default,Default,Default,Default,Default,Default,Default,Default,Default,Default,Core,Default,Default,Default,Default,Default,Default,Default,Default,Default,Default,Default,Default,Default,Default,Default,Default,Default,Default,Default,Default,Default,Default,Default,Default,Default,Default,Default,Default,Core(Runtime=Core),,1,Workload,Actual,2,612553228.19,8388608,73.02,608,0,0,152
Program.UsingTask,Practise,Program,UsingTask,Core,Default,Default,Default,Default,Default,Default,Default,Default,Default,Default,Default,Core,Default,Default,Default,Default,Default,Default,Default,Default,Default,Default,Default,Default,Default,Default,Default,Default,Default,Default,Default,Default,Default,Default,Default,Default,Default,Default,Default,Default,Core(Runtime=Core),,1,Workload,Actual,3,578301648.08,8388608,68.94,608,0,0,152
Program.UsingTask,Practise,Program,UsingTask,Core,Default,Default,Default,Default,Default,Default,Default,Default,Default,Default,Default,Core,Default,Default,Default,Default,Default,Default,Default,Default,Default,Default,Default,Default,Default,Default,Default,Default,Default,Default,Default,Default,Default,Default,Default,Default,Default,Default,Default,Default,Core(Runtime=Core),,1,Workload,Actual,4,568958118.93,8388608,67.83,608,0,0,152
Program.UsingTask,Practise,Program,UsingTask,Core,Default,Default,Default,Default,Default,Default,Default,Default,Default,Default,Default,Core,Default,Default,Default,Default,Default,Default,Default,Default,Default,Default,Default,Default,Default,Default,Default,Default,Default,Default,Default,Default,Default,Default,Default,Default,Default,Default,Default,Default,Core(Runtime=Core),,1,Workload,Actual,5,570842299.28,8388608,68.05,608,0,0,152
Program.UsingTask,Practise,Program,UsingTask,Core,Default,Default,Default,Default,Default,Default,Default,Default,Default,Default,Default,Core,Default,Default,Default,Default,Default,Default,Default,Default,Default,Default,Default,Default,Default,Default,Default,Default,Default,Default,Default,Default,Default,Default,Default,Default,Default,Default,Default,Default,Core(Runtime=Core),,1,Workload,Actual,6,587217259.46,8388608,70,608,0,0,152
Program.UsingTask,Practise,Program,UsingTask,Core,Default,Default,Default,Default,Default,Default,Default,Default,Default,Default,Default,Core,Default,Default,Default,Default,Default,Default,Default,Default,Default,Default,Default,Default,Default,Default,Default,Default,Default,Default,Default,Default,Default,Default,Default,Default,Default,Default,Default,Default,Core(Runtime=Core),,1,Workload,Actual,7,574232086.96,8388608,68.45,608,0,0,152
Program.UsingTask,Practise,Program,UsingTask,Core,Default,Default,Default,Default,Default,Default,Default,Default,Default,Default,Default,Core,Default,Default,Default,Default,Default,Default,Default,Default,Default,Default,Default,Default,Default,Default,Default,Default,Default,Default,Default,Default,Default,Default,Default,Default,Default,Default,Default,Default,Core(Runtime=Core),,1,Workload,Actual,8,580849022.01,8388608,69.24,608,0,0,152
Program.UsingTask,Practise,Program,UsingTask,Core,Default,Default,Default,Default,Default,Default,Default,Default,Default,Default,Default,Core,Default,Default,Default,Default,Default,Default,Default,Default,Default,Default,Default,Default,Default,Default,Default,Default,Default,Default,Default,Default,Default,Default,Default,Default,Default,Default,Default,Default,Core(Runtime=Core),,1,Workload,Actual,9,569455514.12,8388608,67.88,608,0,0,152
Program.UsingTask,Practise,Program,UsingTask,Core,Default,Default,Default,Default,Default,Default,Default,Default,Default,Default,Default,Core,Default,Default,Default,Default,Default,Default,Default,Default,Default,Default,Default,Default,Default,Default,Default,Default,Default,Default,Default,Default,Default,Default,Default,Default,Default,Default,Default,Default,Core(Runtime=Core),,1,Workload,Actual,10,577603715.78,8388608,68.86,608,0,0,152
Program.UsingTask,Practise,Program,UsingTask,Core,Default,Default,Default,Default,Default,Default,Default,Default,Default,Default,Default,Core,Default,Default,Default,Default,Default,Default,Default,Default,Default,Default,Default,Default,Default,Default,Default,Default,Default,Default,Default,Default,Default,Default,Default,Default,Default,Default,Default,Default,Core(Runtime=Core),,1,Workload,Actual,11,567253553.51,8388608,67.62,608,0,0,152
Program.UsingTask,Practise,Program,UsingTask,Core,Default,Default,Default,Default,Default,Default,Default,Default,Default,Default,Default,Core,Default,Default,Default,Default,Default,Default,Default,Default,Default,Default,Default,Default,Default,Default,Default,Default,Default,Default,Default,Default,Default,Default,Default,Default,Default,Default,Default,Default,Core(Runtime=Core),,1,Workload,Actual,12,567148153.1,8388608,67.61,608,0,0,152
Program.UsingTask,Practise,Program,UsingTask,Core,Default,Default,Default,Default,Default,Default,Default,Default,Default,Default,Default,Core,Default,Default,Default,Default,Default,Default,Default,Default,Default,Default,Default,Default,Default,Default,Default,Default,Default,Default,Default,Default,Default,Default,Default,Default,Default,Default,Default,Default,Core(Runtime=Core),,1,Workload,Actual,13,571936568.69,8388608,68.18,608,0,0,152
Program.UsingTask,Practise,Program,UsingTask,Core,Default,Default,Default,Default,Default,Default,Default,Default,Default,Default,Default,Core,Default,Default,Default,Default,Default,Default,Default,Default,Default,Default,Default,Default,Default,Default,Default,Default,Default,Default,Default,Default,Default,Default,Default,Default,Default,Default,Default,Default,Core(Runtime=Core),,1,Workload,Actual,14,568487172.53,8388608,67.77,608,0,0,152
Program.UsingTask,Practise,Program,UsingTask,Core,Default,Default,Default,Default,Default,Default,Default,Default,Default,Default,Default,Core,Default,Default,Default,Default,Default,Default,Default,Default,Default,Default,Default,Default,Default,Default,Default,Default,Default,Default,Default,Default,Default,Default,Default,Default,Default,Default,Default,Default,Core(Runtime=Core),,1,Workload,Actual,15,573319406.27,8388608,68.34,608,0,0,152
Program.UsingTask,Practise,Program,UsingTask,Core,Default,Default,Default,Default,Default,Default,Default,Default,Default,Default,Default,Core,Default,Default,Default,Default,Default,Default,Default,Default,Default,Default,Default,Default,Default,Default,Default,Default,Default,Default,Default,Default,Default,Default,Default,Default,Default,Default,Default,Default,Core(Runtime=Core),,1,Workload,Result,1,554768934.28,8388608,66.13,608,0,0,152
Program.UsingTask,Practise,Program,UsingTask,Core,Default,Default,Default,Default,Default,Default,Default,Default,Default,Default,Default,Core,Default,Default,Default,Default,Default,Default,Default,Default,Default,Default,Default,Default,Default,Default,Default,Default,Default,Default,Default,Default,Default,Default,Default,Default,Default,Default,Default,Default,Core(Runtime=Core),,1,Workload,Result,2,554308646.35,8388608,66.08,608,0,0,152
Program.UsingTask,Practise,Program,UsingTask,Core,Default,Default,Default,Default,Default,Default,Default,Default,Default,Default,Default,Core,Default,Default,Default,Default,Default,Default,Default,Default,Default,Default,Default,Default,Default,Default,Default,Default,Default,Default,Default,Default,Default,Default,Default,Default,Default,Default,Default,Default,Core(Runtime=Core),,1,Workload,Result,3,544965117.2,8388608,64.96,608,0,0,152
Program.UsingTask,Practise,Program,UsingTask,Core,Default,Default,Default,Default,Default,Default,Default,Default,Default,Default,Default,Core,Default,Default,Default,Default,Default,Default,Default,Default,Default,Default,Default,Default,Default,Default,Default,Default,Default,Default,Default,Default,Default,Default,Default,Default,Default,Default,Default,Default,Core(Runtime=Core),,1,Workload,Result,4,546849297.55,8388608,65.19,608,0,0,152
Program.UsingTask,Practise,Program,UsingTask,Core,Default,Default,Default,Default,Default,Default,Default,Default,Default,Default,Default,Core,Default,Default,Default,Default,Default,Default,Default,Default,Default,Default,Default,Default,Default,Default,Default,Default,Default,Default,Default,Default,Default,Default,Default,Default,Default,Default,Default,Default,Core(Runtime=Core),,1,Workload,Result,5,563224257.73,8388608,67.14,608,0,0,152
Program.UsingTask,Practise,Program,UsingTask,Core,Default,Default,Default,Default,Default,Default,Default,Default,Default,Default,Default,Core,Default,Default,Default,Default,Default,Default,Default,Default,Default,Default,Default,Default,Default,Default,Default,Default,Default,Default,Default,Default,Default,Default,Default,Default,Default,Default,Default,Default,Core(Runtime=Core),,1,Workload,Result,6,550239085.23,8388608,65.59,608,0,0,152
Program.UsingTask,Practise,Program,UsingTask,Core,Default,Default,Default,Default,Default,Default,Default,Default,Default,Default,Default,Core,Default,Default,Default,Default,Default,Default,Default,Default,Default,Default,Default,Default,Default,Default,Default,Default,Default,Default,Default,Default,Default,Default,Default,Default,Default,Default,Default,Default,Core(Runtime=Core),,1,Workload,Result,7,556856020.28,8388608,66.38,608,0,0,152
Program.UsingTask,Practise,Program,UsingTask,Core,Default,Default,Default,Default,Default,Default,Default,Default,Default,Default,Default,Core,Default,Default,Default,Default,Default,Default,Default,Default,Default,Default,Default,Default,Default,Default,Default,Default,Default,Default,Default,Default,Default,Default,Default,Default,Default,Default,Default,Default,Core(Runtime=Core),,1,Workload,Result,8,545462512.39,8388608,65.02,608,0,0,152
Program.UsingTask,Practise,Program,UsingTask,Core,Default,Default,Default,Default,Default,Default,Default,Default,Default,Default,Default,Core,Default,Default,Default,Default,Default,Default,Default,Default,Default,Default,Default,Default,Default,Default,Default,Default,Default,Default,Default,Default,Default,Default,Default,Default,Default,Default,Default,Default,Core(Runtime=Core),,1,Workload,Result,9,553610714.05,8388608,66,608,0,0,152
Program.UsingTask,Practise,Program,UsingTask,Core,Default,Default,Default,Default,Default,Default,Default,Default,Default,Default,Default,Core,Default,Default,Default,Default,Default,Default,Default,Default,Default,Default,Default,Default,Default,Default,Default,Default,Default,Default,Default,Default,Default,Default,Default,Default,Default,Default,Default,Default,Core(Runtime=Core),,1,Workload,Result,10,543260551.78,8388608,64.76,608,0,0,152
Program.UsingTask,Practise,Program,UsingTask,Core,Default,Default,Default,Default,Default,Default,Default,Default,Default,Default,Default,Core,Default,Default,Default,Default,Default,Default,Default,Default,Default,Default,Default,Default,Default,Default,Default,Default,Default,Default,Default,Default,Default,Default,Default,Default,Default,Default,Default,Default,Core(Runtime=Core),,1,Workload,Result,11,543155151.38,8388608,64.75,608,0,0,152
Program.UsingTask,Practise,Program,UsingTask,Core,Default,Default,Default,Default,Default,Default,Default,Default,Default,Default,Default,Core,Default,Default,Default,Default,Default,Default,Default,Default,Default,Default,Default,Default,Default,Default,Default,Default,Default,Default,Default,Default,Default,Default,Default,Default,Default,Default,Default,Default,Core(Runtime=Core),,1,Workload,Result,12,547943566.96,8388608,65.32,608,0,0,152
Program.UsingTask,Practise,Program,UsingTask,Core,Default,Default,Default,Default,Default,Default,Default,Default,Default,Default,Default,Core,Default,Default,Default,Default,Default,Default,Default,Default,Default,Default,Default,Default,Default,Default,Default,Default,Default,Default,Default,Default,Default,Default,Default,Default,Default,Default,Default,Default,Core(Runtime=Core),,1,Workload,Result,13,544494170.8,8388608,64.91,608,0,0,152
Program.UsingTask,Practise,Program,UsingTask,Core,Default,Default,Default,Default,Default,Default,Default,Default,Default,Default,Default,Core,Default,Default,Default,Default,Default,Default,Default,Default,Default,Default,Default,Default,Default,Default,Default,Default,Default,Default,Default,Default,Default,Default,Default,Default,Default,Default,Default,Default,Core(Runtime=Core),,1,Workload,Result,14,549326404.54,8388608,65.48,608,0,0,152
